{
  "d83ce940ff76810967a9ec101f4cb6fefd54a4d0.png": {
    "title": "Adapt eLearning",
    "description": "Adapt eLearning",
    "source": "unknown",
    "licence": "unknown",
    "attribution": "unknown",
    "tags": [
      {
        "title": "client logos",
        "_id": "608686c4d0a9ce7fbf3a2df5"
      }
    ]
  },
  "19bb513efae607af695cb3d10bb16e2a5b51c2ab.png": {
    "title": "CC-BY White",
    "description": "CC-BY White",
    "source": "https://creativecommons.org/",
    "licence": "CC0",
    "attribution": "Creative Commons",
    "tags": []
  },
  "b46255d149de4ce358f32a2812df4c9b0658f1a8.png": {
    "title": "odi-logo-white-small.png",
    "description": "odi-logo-white-small.png",
    "source": "unknown",
    "licence": "unknown",
    "attribution": "unknown",
    "tags": []
  },
  "ed8c41138dc38e9d42c4c464ef200a62b430716e.png": {
    "title": "ODI Learning Roundal Blue",
    "description": "Main ODI logo",
    "source": "http://theodi.org/",
    "licence": "All rights reserved",
    "attribution": "The Open Data Institute",
    "tags": [
      {
        "title": "ODI logo",
        "_id": "608686c5d0a9ce7fbf3a2e19"
      },
      {
        "title": "intro logo",
        "_id": "608686c5d0a9ce7fbf3a2e18"
      }
    ]
  },
  "50cd2a8785a924e204ab876d46a71c045cb0f0fc.png": {
    "title": "clipboard-update-round.png",
    "description": "clipbaord",
    "source": "theodi.org",
    "licence": "All rights reserved",
    "attribution": "ODI",
    "tags": []
  },
  "1c304921935ad1ee0b0853fad69f48e08af1b641.png": {
    "title": " ODI Theory of Change - Positive",
    "description": "Adapted from the Open Data Institute's theory of change",
    "source": "https://theodi.org/about-the-odi/our-vision-and-manifesto/our-theory-of-change/",
    "licence": "CC-BY-SA",
    "attribution": "The Open Data Institute",
    "tags": []
  },
  "3e9c0783451f07b8efba23fb87d6b39f4b1576a3.jpg": {
    "title": "ODI Theory of Change - Whole",
    "description": "Adapted from the Open Data Institute's theory of change",
    "source": "https://theodi.org/about-the-odi/our-vision-and-manifesto/our-theory-of-change/",
    "licence": "CC-BY-SA",
    "attribution": "The Open Data Institute",
    "tags": []
  }
}